forward_dispatch_0,77760
forward_dispatch_0,4192
forward_dispatch_0,4096
forward_dispatch_0,4448
forward_dispatch_0,4096
forward_dispatch_0,4159
forward_dispatch_0,4096
forward_dispatch_7_matmul_1x256x256_f32,24417
forward_dispatch_7_matmul_1x256x256_f32,23105
forward_dispatch_7_matmul_1x256x256_f32,23072
forward_dispatch_10_matmul_1x256x256_f32,19744
forward_dispatch_7_matmul_1x256x256_f32,22432
forward_dispatch_7_matmul_1x256x256_f32,23168
forward_dispatch_7_matmul_1x256x256_f32,20736
forward_dispatch_7_matmul_1x256x256_f32,23104
forward_dispatch_7_matmul_1x256x256_f32,20672
forward_dispatch_7_matmul_1x256x256_f32,23104
forward_dispatch_7_matmul_1x256x256_f32,20736
forward_dispatch_18_matmul_1x256x256_f32,28032
forward_dispatch_7_matmul_1x256x256_f32,21920
forward_dispatch_7_matmul_1x256x256_f32,21856
forward_dispatch_7_matmul_1x256x256_f32,20735
forward_dispatch_7_matmul_1x256x256_f32,20801
forward_dispatch_7_matmul_1x256x256_f32,20768
forward_dispatch_7_matmul_1x256x256_f32,20832
forward_dispatch_7_matmul_1x256x256_f32,20832
forward_dispatch_18_matmul_1x256x256_f32,25344
forward_dispatch_7_matmul_1x256x256_f32,21888
forward_dispatch_7_matmul_1x256x256_f32,21665
forward_dispatch_7_matmul_1x256x256_f32,20769
forward_dispatch_7_matmul_1x256x256_f32,20736
forward_dispatch_7_matmul_1x256x256_f32,20928
forward_dispatch_7_matmul_1x256x256_f32,20704
forward_dispatch_7_matmul_1x256x256_f32,20832
forward_dispatch_18_matmul_1x256x256_f32,25152
forward_dispatch_7_matmul_1x256x256_f32,21856
forward_dispatch_7_matmul_1x256x256_f32,21505
forward_dispatch_7_matmul_1x256x256_f32,20768
forward_dispatch_7_matmul_1x256x256_f32,20705
forward_dispatch_7_matmul_1x256x256_f32,20640
forward_dispatch_7_matmul_1x256x256_f32,20736
forward_dispatch_7_matmul_1x256x256_f32,20672
forward_dispatch_18_matmul_1x256x256_f32,25632
forward_dispatch_7_matmul_1x256x256_f32,21952
forward_dispatch_7_matmul_1x256x256_f32,21504
forward_dispatch_7_matmul_1x256x256_f32,20800
forward_dispatch_7_matmul_1x256x256_f32,21121
forward_dispatch_7_matmul_1x256x256_f32,20768
forward_dispatch_7_matmul_1x256x256_f32,20704
forward_dispatch_7_matmul_1x256x256_f32,21152
forward_dispatch_18_matmul_1x256x256_f32,25216
forward_dispatch_7_matmul_1x256x256_f32,22080
forward_dispatch_7_matmul_1x256x256_f32,21665
forward_dispatch_7_matmul_1x256x256_f32,21089
forward_dispatch_7_matmul_1x256x256_f32,20768
forward_dispatch_7_matmul_1x256x256_f32,20768
forward_dispatch_7_matmul_1x256x256_f32,20768
forward_dispatch_7_matmul_1x256x256_f32,20864
forward_dispatch_18_matmul_1x256x256_f32,25312
forward_dispatch_7_matmul_1x256x256_f32,21856
forward_dispatch_7_matmul_1x256x256_f32,22336
forward_dispatch_7_matmul_1x256x256_f32,21216
forward_dispatch_7_matmul_1x256x256_f32,20672
forward_dispatch_7_matmul_1x256x256_f32,20832
forward_dispatch_7_matmul_1x256x256_f32,20768
forward_dispatch_7_matmul_1x256x256_f32,20800
forward_dispatch_66_matmul_1x256x256_f32,25696
forward_dispatch_7_matmul_1x256x256_f32,23040
forward_dispatch_7_matmul_1x256x256_f32,23105
forward_dispatch_7_matmul_1x256x256_f32,23104
forward_dispatch_70_matmul_1x256x256_f32,19648
forward_dispatch_7_matmul_1x256x256_f32,20800
forward_dispatch_7_matmul_1x256x256_f32,23104
forward_dispatch_7_matmul_1x256x256_f32,20832
forward_dispatch_7_matmul_1x256x256_f32,23200
forward_dispatch_7_matmul_1x256x256_f32,20800
forward_dispatch_7_matmul_1x256x256_f32,23104
forward_dispatch_7_matmul_1x256x256_f32,21216
forward_dispatch_18_matmul_1x256x256_f32,28064
forward_dispatch_7_matmul_1x256x256_f32,21024
forward_dispatch_7_matmul_1x256x256_f32,21920
forward_dispatch_7_matmul_1x256x256_f32,20704
forward_dispatch_7_matmul_1x256x256_f32,20864
forward_dispatch_7_matmul_1x256x256_f32,20960
forward_dispatch_7_matmul_1x256x256_f32,20832
forward_dispatch_7_matmul_1x256x256_f32,20736
forward_dispatch_18_matmul_1x256x256_f32,25248
forward_dispatch_7_matmul_1x256x256_f32,20640
forward_dispatch_7_matmul_1x256x256_f32,21536
forward_dispatch_7_matmul_1x256x256_f32,20704
forward_dispatch_7_matmul_1x256x256_f32,20768
forward_dispatch_7_matmul_1x256x256_f32,20864
forward_dispatch_7_matmul_1x256x256_f32,20704
forward_dispatch_7_matmul_1x256x256_f32,20704
forward_dispatch_18_matmul_1x256x256_f32,25088
forward_dispatch_7_matmul_1x256x256_f32,20608
forward_dispatch_7_matmul_1x256x256_f32,21536
forward_dispatch_7_matmul_1x256x256_f32,20736
forward_dispatch_7_matmul_1x256x256_f32,20704
forward_dispatch_7_matmul_1x256x256_f32,21184
forward_dispatch_7_matmul_1x256x256_f32,20737
forward_dispatch_7_matmul_1x256x256_f32,20640
forward_dispatch_18_matmul_1x256x256_f32,25152
forward_dispatch_7_matmul_1x256x256_f32,20704
forward_dispatch_7_matmul_1x256x256_f32,21440
forward_dispatch_7_matmul_1x256x256_f32,20800
forward_dispatch_7_matmul_1x256x256_f32,20768
forward_dispatch_7_matmul_1x256x256_f32,20736
forward_dispatch_7_matmul_1x256x256_f32,20640
forward_dispatch_7_matmul_1x256x256_f32,20736
forward_dispatch_18_matmul_1x256x256_f32,25152
forward_dispatch_7_matmul_1x256x256_f32,20576
forward_dispatch_7_matmul_1x256x256_f32,21696
forward_dispatch_7_matmul_1x256x256_f32,20736
forward_dispatch_7_matmul_1x256x256_f32,20737
forward_dispatch_7_matmul_1x256x256_f32,20737
forward_dispatch_7_matmul_1x256x256_f32,20737
forward_dispatch_7_matmul_1x256x256_f32,20672
forward_dispatch_18_matmul_1x256x256_f32,25152
forward_dispatch_7_matmul_1x256x256_f32,21824
forward_dispatch_7_matmul_1x256x256_f32,21760
forward_dispatch_7_matmul_1x256x256_f32,20865
forward_dispatch_7_matmul_1x256x256_f32,20832
forward_dispatch_7_matmul_1x256x256_f32,20864
forward_dispatch_7_matmul_1x256x256_f32,20641
forward_dispatch_7_matmul_1x256x256_f32,20832
forward_dispatch_66_matmul_1x256x256_f32,25568
forward_dispatch_7_matmul_1x256x256_f32,23104
forward_dispatch_7_matmul_1x256x256_f32,23072
forward_dispatch_7_matmul_1x256x256_f32,23168
forward_dispatch_130_matmul_1x256x256_f32,28159
forward_dispatch_7_matmul_1x256x256_f32,20832
forward_dispatch_7_matmul_1x256x256_f32,23232
forward_dispatch_7_matmul_1x256x256_f32,20864
forward_dispatch_7_matmul_1x256x256_f32,23136
forward_dispatch_7_matmul_1x256x256_f32,21088
forward_dispatch_7_matmul_1x256x256_f32,23232
forward_dispatch_7_matmul_1x256x256_f32,20832
forward_dispatch_18_matmul_1x256x256_f32,28128
forward_dispatch_7_matmul_1x256x256_f32,20608
forward_dispatch_7_matmul_1x256x256_f32,21856
forward_dispatch_7_matmul_1x256x256_f32,20672
forward_dispatch_7_matmul_1x256x256_f32,20800
forward_dispatch_7_matmul_1x256x256_f32,20704
forward_dispatch_7_matmul_1x256x256_f32,20864
forward_dispatch_7_matmul_1x256x256_f32,20833
forward_dispatch_18_matmul_1x256x256_f32,25376
forward_dispatch_7_matmul_1x256x256_f32,20704
forward_dispatch_7_matmul_1x256x256_f32,21504
forward_dispatch_7_matmul_1x256x256_f32,20672
forward_dispatch_7_matmul_1x256x256_f32,20736
forward_dispatch_7_matmul_1x256x256_f32,20736
forward_dispatch_7_matmul_1x256x256_f32,20832
forward_dispatch_7_matmul_1x256x256_f32,20672
forward_dispatch_18_matmul_1x256x256_f32,25248
forward_dispatch_7_matmul_1x256x256_f32,20704
forward_dispatch_7_matmul_1x256x256_f32,21504
forward_dispatch_7_matmul_1x256x256_f32,20672
forward_dispatch_7_matmul_1x256x256_f32,20800
forward_dispatch_7_matmul_1x256x256_f32,21568
forward_dispatch_7_matmul_1x256x256_f32,20800
forward_dispatch_7_matmul_1x256x256_f32,20672
forward_dispatch_18_matmul_1x256x256_f32,25184
forward_dispatch_7_matmul_1x256x256_f32,20864
forward_dispatch_7_matmul_1x256x256_f32,21504
forward_dispatch_7_matmul_1x256x256_f32,20800
forward_dispatch_7_matmul_1x256x256_f32,20768
forward_dispatch_7_matmul_1x256x256_f32,20736
forward_dispatch_7_matmul_1x256x256_f32,20801
forward_dispatch_7_matmul_1x256x256_f32,20704
forward_dispatch_18_matmul_1x256x256_f32,25792
forward_dispatch_7_matmul_1x256x256_f32,20608
forward_dispatch_7_matmul_1x256x256_f32,21536
forward_dispatch_7_matmul_1x256x256_f32,20736
forward_dispatch_7_matmul_1x256x256_f32,20768
forward_dispatch_7_matmul_1x256x256_f32,20704
forward_dispatch_7_matmul_1x256x256_f32,20800
forward_dispatch_7_matmul_1x256x256_f32,21248
forward_dispatch_18_matmul_1x256x256_f32,25248
forward_dispatch_7_matmul_1x256x256_f32,21888
forward_dispatch_7_matmul_1x256x256_f32,21440
forward_dispatch_7_matmul_1x256x256_f32,20864
forward_dispatch_7_matmul_1x256x256_f32,20704
forward_dispatch_7_matmul_1x256x256_f32,20896
forward_dispatch_7_matmul_1x256x256_f32,20704
forward_dispatch_7_matmul_1x256x256_f32,20832
forward_dispatch_66_matmul_1x256x256_f32,25632
forward_dispatch_7_matmul_1x256x256_f32,23200
forward_dispatch_7_matmul_1x256x256_f32,23424
forward_dispatch_7_matmul_1x256x256_f32,23200
forward_dispatch_130_matmul_1x256x256_f32,28192
forward_dispatch_7_matmul_1x256x256_f32,20767
forward_dispatch_7_matmul_1x256x256_f32,24256
forward_dispatch_7_matmul_1x256x256_f32,20800
forward_dispatch_7_matmul_1x256x256_f32,23968
forward_dispatch_7_matmul_1x256x256_f32,21120
forward_dispatch_7_matmul_1x256x256_f32,23104
forward_dispatch_7_matmul_1x256x256_f32,20800
forward_dispatch_18_matmul_1x256x256_f32,28064
forward_dispatch_7_matmul_1x256x256_f32,20800
forward_dispatch_7_matmul_1x256x256_f32,21952
forward_dispatch_7_matmul_1x256x256_f32,20736
forward_dispatch_7_matmul_1x256x256_f32,20832
forward_dispatch_7_matmul_1x256x256_f32,20832
forward_dispatch_7_matmul_1x256x256_f32,21120
forward_dispatch_7_matmul_1x256x256_f32,20832
forward_dispatch_18_matmul_1x256x256_f32,25280
forward_dispatch_7_matmul_1x256x256_f32,21057
forward_dispatch_7_matmul_1x256x256_f32,21600
forward_dispatch_7_matmul_1x256x256_f32,21280
forward_dispatch_7_matmul_1x256x256_f32,20864
forward_dispatch_7_matmul_1x256x256_f32,20704
forward_dispatch_7_matmul_1x256x256_f32,20800
forward_dispatch_7_matmul_1x256x256_f32,20768
forward_dispatch_18_matmul_1x256x256_f32,25248
forward_dispatch_7_matmul_1x256x256_f32,20608
forward_dispatch_7_matmul_1x256x256_f32,21440
forward_dispatch_7_matmul_1x256x256_f32,20864
forward_dispatch_7_matmul_1x256x256_f32,20800
forward_dispatch_7_matmul_1x256x256_f32,20672
forward_dispatch_7_matmul_1x256x256_f32,20768
forward_dispatch_7_matmul_1x256x256_f32,20768
forward_dispatch_18_matmul_1x256x256_f32,25216
forward_dispatch_7_matmul_1x256x256_f32,20704
forward_dispatch_7_matmul_1x256x256_f32,21920
forward_dispatch_7_matmul_1x256x256_f32,20736
forward_dispatch_7_matmul_1x256x256_f32,20704
forward_dispatch_7_matmul_1x256x256_f32,21280
forward_dispatch_7_matmul_1x256x256_f32,20736
forward_dispatch_7_matmul_1x256x256_f32,20737
forward_dispatch_18_matmul_1x256x256_f32,25729
forward_dispatch_7_matmul_1x256x256_f32,20672
forward_dispatch_7_matmul_1x256x256_f32,21536
forward_dispatch_7_matmul_1x256x256_f32,20736
forward_dispatch_7_matmul_1x256x256_f32,20768
forward_dispatch_7_matmul_1x256x256_f32,20832
forward_dispatch_7_matmul_1x256x256_f32,20768
forward_dispatch_7_matmul_1x256x256_f32,21249
forward_dispatch_18_matmul_1x256x256_f32,25217
forward_dispatch_7_matmul_1x256x256_f32,21856
forward_dispatch_7_matmul_1x256x256_f32,21408
forward_dispatch_7_matmul_1x256x256_f32,20864
forward_dispatch_7_matmul_1x256x256_f32,20672
forward_dispatch_7_matmul_1x256x256_f32,20928
forward_dispatch_7_matmul_1x256x256_f32,20705
forward_dispatch_7_matmul_1x256x256_f32,20832
forward_dispatch_66_matmul_1x256x256_f32,25632
forward_dispatch_7_matmul_1x256x256_f32,23040
forward_dispatch_7_matmul_1x256x256_f32,23264
forward_dispatch_7_matmul_1x256x256_f32,23168
forward_dispatch_130_matmul_1x256x256_f32,28544
forward_dispatch_7_matmul_1x256x256_f32,20769
forward_dispatch_7_matmul_1x256x256_f32,23071
forward_dispatch_7_matmul_1x256x256_f32,20768
forward_dispatch_7_matmul_1x256x256_f32,23200
forward_dispatch_7_matmul_1x256x256_f32,23104
forward_dispatch_7_matmul_1x256x256_f32,23136
forward_dispatch_130_matmul_1x256x256_f32,27744
forward_dispatch_7_matmul_1x256x256_f32,24288
forward_dispatch_7_matmul_1x256x256_f32,23105
forward_dispatch_7_matmul_1x256x256_f32,23136
forward_dispatch_130_matmul_1x256x256_f32,27680
forward_dispatch_7_matmul_1x256x256_f32,24384
forward_dispatch_7_matmul_1x256x256_f32,23136
forward_dispatch_7_matmul_1x256x256_f32,23232
forward_dispatch_130_matmul_1x256x256_f32,27648
forward_dispatch_7_matmul_1x256x256_f32,24289
forward_dispatch_7_matmul_1x256x256_f32,23136
forward_dispatch_7_matmul_1x256x256_f32,23232
forward_dispatch_7_matmul_1x256x256_f32,23104
forward_dispatch_7_matmul_1x256x256_f32,23136
forward_dispatch_7_matmul_1x256x256_f32,23168
forward_dispatch_7_matmul_1x256x256_f32,23264
forward_dispatch_7_matmul_1x256x256_f32,23072
forward_dispatch_7_matmul_1x256x256_f32,23199
forward_dispatch_7_matmul_1x256x256_f32,23200
forward_dispatch_7_matmul_1x256x256_f32,20800
forward_dispatch_7_matmul_1x256x256_f32,23616
forward_dispatch_7_matmul_1x256x256_f32,20928
forward_dispatch_279_matmul_1x256x256_f32,19680
forward_dispatch_7_matmul_1x256x256_f32,20705
forward_dispatch_7_matmul_1x256x256_f32,21696
forward_dispatch_7_matmul_1x256x256_f32,20769
forward_dispatch_7_matmul_1x256x256_f32,20768
forward_dispatch_7_matmul_1x256x256_f32,20736
forward_dispatch_7_matmul_1x256x256_f32,20736
forward_dispatch_7_matmul_1x256x256_f32,20736
forward_dispatch_18_matmul_1x256x256_f32,25728
forward_dispatch_7_matmul_1x256x256_f32,20704
forward_dispatch_7_matmul_1x256x256_f32,21568
forward_dispatch_7_matmul_1x256x256_f32,20768
forward_dispatch_7_matmul_1x256x256_f32,20672
forward_dispatch_7_matmul_1x256x256_f32,21088
forward_dispatch_7_matmul_1x256x256_f32,20704
forward_dispatch_7_matmul_1x256x256_f32,20672
forward_dispatch_18_matmul_1x256x256_f32,25184
forward_dispatch_7_matmul_1x256x256_f32,20704
forward_dispatch_7_matmul_1x256x256_f32,21632
forward_dispatch_7_matmul_1x256x256_f32,20737
forward_dispatch_7_matmul_1x256x256_f32,20704
forward_dispatch_7_matmul_1x256x256_f32,21472
forward_dispatch_7_matmul_1x256x256_f32,20704
forward_dispatch_7_matmul_1x256x256_f32,20640
forward_dispatch_18_matmul_1x256x256_f32,25760
forward_dispatch_7_matmul_1x256x256_f32,20672
forward_dispatch_7_matmul_1x256x256_f32,21760
forward_dispatch_7_matmul_1x256x256_f32,20800
forward_dispatch_7_matmul_1x256x256_f32,20768
forward_dispatch_7_matmul_1x256x256_f32,20768
forward_dispatch_7_matmul_1x256x256_f32,20736
forward_dispatch_7_matmul_1x256x256_f32,20960
forward_dispatch_18_matmul_1x256x256_f32,25248
forward_dispatch_7_matmul_1x256x256_f32,20640
forward_dispatch_7_matmul_1x256x256_f32,21600
forward_dispatch_7_matmul_1x256x256_f32,20736
forward_dispatch_7_matmul_1x256x256_f32,20640
forward_dispatch_7_matmul_1x256x256_f32,20736
forward_dispatch_7_matmul_1x256x256_f32,20672
forward_dispatch_7_matmul_1x256x256_f32,20832
forward_dispatch_18_matmul_1x256x256_f32,25184
forward_dispatch_7_matmul_1x256x256_f32,22144
forward_dispatch_7_matmul_1x256x256_f32,21536
forward_dispatch_7_matmul_1x256x256_f32,20896
forward_dispatch_7_matmul_1x256x256_f32,20768
forward_dispatch_7_matmul_1x256x256_f32,20864
forward_dispatch_7_matmul_1x256x256_f32,20640
forward_dispatch_7_matmul_1x256x256_f32,20800
forward_dispatch_66_matmul_1x256x256_f32,25761
forward_dispatch_7_matmul_1x256x256_f32,20704
forward_dispatch_7_matmul_1x256x256_f32,20736
forward_dispatch_7_matmul_1x256x256_f32,20864
forward_dispatch_7_matmul_1x256x256_f32,21120
forward_dispatch_18_matmul_1x256x256_f32,27904
forward_dispatch_7_matmul_1x256x256_f32,20672
forward_dispatch_7_matmul_1x256x256_f32,21601
forward_dispatch_7_matmul_1x256x256_f32,21089
forward_dispatch_7_matmul_1x256x256_f32,20832
forward_dispatch_7_matmul_1x256x256_f32,20704
forward_dispatch_7_matmul_1x256x256_f32,20736
forward_dispatch_7_matmul_1x256x256_f32,20800
forward_dispatch_18_matmul_1x256x256_f32,25248
forward_dispatch_7_matmul_1x256x256_f32,20736
forward_dispatch_7_matmul_1x256x256_f32,21921
forward_dispatch_7_matmul_1x256x256_f32,21025
forward_dispatch_7_matmul_1x256x256_f32,20832
forward_dispatch_7_matmul_1x256x256_f32,20704
forward_dispatch_7_matmul_1x256x256_f32,20704
forward_dispatch_7_matmul_1x256x256_f32,20704
forward_dispatch_18_matmul_1x256x256_f32,25600
forward_dispatch_7_matmul_1x256x256_f32,20800
forward_dispatch_7_matmul_1x256x256_f32,22081
forward_dispatch_7_matmul_1x256x256_f32,20769
forward_dispatch_7_matmul_1x256x256_f32,20736
forward_dispatch_7_matmul_1x256x256_f32,20800
forward_dispatch_7_matmul_1x256x256_f32,20736
forward_dispatch_7_matmul_1x256x256_f32,20736
forward_dispatch_18_matmul_1x256x256_f32,25152
forward_dispatch_7_matmul_1x256x256_f32,20736
forward_dispatch_7_matmul_1x256x256_f32,21504
forward_dispatch_7_matmul_1x256x256_f32,20673
forward_dispatch_7_matmul_1x256x256_f32,20737
forward_dispatch_7_matmul_1x256x256_f32,20736
forward_dispatch_7_matmul_1x256x256_f32,20704
forward_dispatch_7_matmul_1x256x256_f32,20704
forward_dispatch_18_matmul_1x256x256_f32,25216
forward_dispatch_7_matmul_1x256x256_f32,20672
forward_dispatch_7_matmul_1x256x256_f32,21601
forward_dispatch_7_matmul_1x256x256_f32,20800
forward_dispatch_7_matmul_1x256x256_f32,20992
forward_dispatch_7_matmul_1x256x256_f32,20800
forward_dispatch_7_matmul_1x256x256_f32,20704
forward_dispatch_7_matmul_1x256x256_f32,20704
forward_dispatch_18_matmul_1x256x256_f32,25280
forward_dispatch_7_matmul_1x256x256_f32,21889
forward_dispatch_7_matmul_1x256x256_f32,21856
forward_dispatch_7_matmul_1x256x256_f32,20832
forward_dispatch_7_matmul_1x256x256_f32,20928
forward_dispatch_7_matmul_1x256x256_f32,20864
forward_dispatch_7_matmul_1x256x256_f32,20768
forward_dispatch_7_matmul_1x256x256_f32,20864
forward_dispatch_66_matmul_1x256x256_f32,25569
forward_dispatch_7_matmul_1x256x256_f32,20672
forward_dispatch_7_matmul_1x256x256_f32,20737
forward_dispatch_7_matmul_1x256x256_f32,20736
forward_dispatch_7_matmul_1x256x256_f32,20896
forward_dispatch_18_matmul_1x256x256_f32,27904
forward_dispatch_7_matmul_1x256x256_f32,20704
forward_dispatch_7_matmul_1x256x256_f32,21472
forward_dispatch_7_matmul_1x256x256_f32,20768
forward_dispatch_7_matmul_1x256x256_f32,20704
forward_dispatch_7_matmul_1x256x256_f32,21184
forward_dispatch_7_matmul_1x256x256_f32,20801
forward_dispatch_7_matmul_1x256x256_f32,20672
forward_dispatch_18_matmul_1x256x256_f32,25088
forward_dispatch_7_matmul_1x256x256_f32,20736
forward_dispatch_7_matmul_1x256x256_f32,22208
forward_dispatch_7_matmul_1x256x256_f32,20768
forward_dispatch_7_matmul_1x256x256_f32,20799
forward_dispatch_7_matmul_1x256x256_f32,20705
forward_dispatch_7_matmul_1x256x256_f32,20736
forward_dispatch_7_matmul_1x256x256_f32,21184
forward_dispatch_18_matmul_1x256x256_f32,25152
forward_dispatch_7_matmul_1x256x256_f32,20672
forward_dispatch_7_matmul_1x256x256_f32,21856
forward_dispatch_7_matmul_1x256x256_f32,20768
forward_dispatch_7_matmul_1x256x256_f32,20736
forward_dispatch_7_matmul_1x256x256_f32,20768
forward_dispatch_7_matmul_1x256x256_f32,20704
forward_dispatch_7_matmul_1x256x256_f32,20672
forward_dispatch_18_matmul_1x256x256_f32,25088
forward_dispatch_7_matmul_1x256x256_f32,20608
forward_dispatch_7_matmul_1x256x256_f32,21856
forward_dispatch_7_matmul_1x256x256_f32,20769
forward_dispatch_7_matmul_1x256x256_f32,20737
forward_dispatch_7_matmul_1x256x256_f32,20768
forward_dispatch_7_matmul_1x256x256_f32,20672
forward_dispatch_7_matmul_1x256x256_f32,20672
forward_dispatch_18_matmul_1x256x256_f32,25120
forward_dispatch_7_matmul_1x256x256_f32,20800
forward_dispatch_7_matmul_1x256x256_f32,21536
forward_dispatch_7_matmul_1x256x256_f32,20833
forward_dispatch_7_matmul_1x256x256_f32,20767
forward_dispatch_7_matmul_1x256x256_f32,20864
forward_dispatch_7_matmul_1x256x256_f32,20768
forward_dispatch_7_matmul_1x256x256_f32,20768
forward_dispatch_18_matmul_1x256x256_f32,25248
forward_dispatch_7_matmul_1x256x256_f32,21888
forward_dispatch_7_matmul_1x256x256_f32,21504
forward_dispatch_7_matmul_1x256x256_f32,20833
forward_dispatch_7_matmul_1x256x256_f32,20705
forward_dispatch_7_matmul_1x256x256_f32,20896
forward_dispatch_7_matmul_1x256x256_f32,21248
forward_dispatch_7_matmul_1x256x256_f32,21184
forward_dispatch_66_matmul_1x256x256_f32,25312
forward_dispatch_7_matmul_1x256x256_f32,20864
forward_dispatch_7_matmul_1x256x256_f32,20736
forward_dispatch_7_matmul_1x256x256_f32,20705
forward_dispatch_7_matmul_1x256x256_f32,20736
forward_dispatch_18_matmul_1x256x256_f32,27904
forward_dispatch_7_matmul_1x256x256_f32,20736
forward_dispatch_7_matmul_1x256x256_f32,21888
forward_dispatch_7_matmul_1x256x256_f32,20704
forward_dispatch_7_matmul_1x256x256_f32,20768
forward_dispatch_7_matmul_1x256x256_f32,21313
forward_dispatch_7_matmul_1x256x256_f32,20801
forward_dispatch_7_matmul_1x256x256_f32,20736
forward_dispatch_18_matmul_1x256x256_f32,25696
forward_dispatch_7_matmul_1x256x256_f32,20768
forward_dispatch_7_matmul_1x256x256_f32,22016
forward_dispatch_7_matmul_1x256x256_f32,20736
forward_dispatch_7_matmul_1x256x256_f32,20768
forward_dispatch_7_matmul_1x256x256_f32,20672
forward_dispatch_7_matmul_1x256x256_f32,20769
forward_dispatch_7_matmul_1x256x256_f32,20704
forward_dispatch_18_matmul_1x256x256_f32,25216
forward_dispatch_7_matmul_1x256x256_f32,20704
forward_dispatch_7_matmul_1x256x256_f32,21440
forward_dispatch_7_matmul_1x256x256_f32,20704
forward_dispatch_7_matmul_1x256x256_f32,21088
forward_dispatch_7_matmul_1x256x256_f32,20769
forward_dispatch_7_matmul_1x256x256_f32,20737
forward_dispatch_7_matmul_1x256x256_f32,20769
forward_dispatch_18_matmul_1x256x256_f32,25184
forward_dispatch_7_matmul_1x256x256_f32,20768
forward_dispatch_7_matmul_1x256x256_f32,21888
forward_dispatch_7_matmul_1x256x256_f32,20736
forward_dispatch_7_matmul_1x256x256_f32,20736
forward_dispatch_7_matmul_1x256x256_f32,20800
forward_dispatch_7_matmul_1x256x256_f32,20704
forward_dispatch_7_matmul_1x256x256_f32,20768
forward_dispatch_18_matmul_1x256x256_f32,25248
forward_dispatch_7_matmul_1x256x256_f32,20672
forward_dispatch_7_matmul_1x256x256_f32,21600
forward_dispatch_7_matmul_1x256x256_f32,20640
forward_dispatch_7_matmul_1x256x256_f32,20768
forward_dispatch_7_matmul_1x256x256_f32,20704
forward_dispatch_7_matmul_1x256x256_f32,20800
forward_dispatch_7_matmul_1x256x256_f32,20768
forward_dispatch_18_matmul_1x256x256_f32,25184
forward_dispatch_7_matmul_1x256x256_f32,21824
forward_dispatch_7_matmul_1x256x256_f32,21952
forward_dispatch_7_matmul_1x256x256_f32,20800
forward_dispatch_7_matmul_1x256x256_f32,20800
forward_dispatch_7_matmul_1x256x256_f32,20959
forward_dispatch_7_matmul_1x256x256_f32,20769
forward_dispatch_7_matmul_1x256x256_f32,20800
forward_dispatch_66_matmul_1x256x256_f32,25760
